restaurant_name,address,city
"Caldwell, Galloway and Gomez","44310 Navarro Path
Jacksonbury, MA 24506",Rossmouth
Mueller Inc,"7398 Ryan Ramp
South Aliciaborough, IA 83048-0300",Kellyborough
"Perry, Mitchell and Lopez","7371 Anne Inlet
Tinaland, AL 14998-1261",Daniellemouth
Byrd-Orr,"18448 Morgan Pike
Davidville, CO 62355",Kellyborough
Stephens-Potter,"80613 David Vista Suite 443
West Jose, AL 83302-7443",South John
"Berger, Porter and James","5666 Charles Center
Davischester, WI 80586-5534",Port Michaelberg
Haley-Harris,"40108 Daniel Trail
New Justinton, PR 36270",Alisonside
"Gardner, Robbins and Lambert","709 Johnson Flats
Leemouth, MH 17333-0927",Kellyborough
"Thompson, Stevenson and Thompson","5905 Nicole Dam
Williamsbury, GA 38742-0504",Michaelfort
Martinez Group,"Unit 3059 Box 0965
DPO AP 86125",Michaelfort
Powers-Calhoun,"4696 Zuniga Village
Josechester, CO 24568-5136",Dunnburgh
Walsh-Thomas,"88471 Nelson Stravenue Apt. 081
South Nancyview, PW 54108",Alisonside
"Bolton, Gardner and Moss","21920 Jenkins Rue
Port Sandraport, NM 16338",Port Jenniferburgh
Rogers Ltd,"43765 Justin Curve Apt. 747
Lopezshire, GA 70394-6836",Daniellemouth
"Smith, Castro and Lee","21843 Santana Cape
Stephenberg, SC 19055",Michaelfort
Williams-Cole,"441 Theresa Stream
Johnhaven, PW 68948",Kellyborough
Thomas Inc,"Unit 1678 Box 2822
DPO AA 21160",Dunnburgh
Flores-Gomez,"06319 Rocha Way
Port Daniel, IN 53168-9200",Michaelfort
"Navarro, Lane and Alvarez","1728 Priscilla Points Suite 138
Phillipborough, UT 03479",Rossmouth
Lewis-Richards,"00239 Aaron Spring
Christopherchester, FM 84090-1119",South Tonya
Perkins-Cook,"09535 Jane Station Suite 120
Lake Penny, NM 28906",South Tonya
"Willis, Hernandez and Paul","760 Anthony Causeway Apt. 647
South Rachelland, NH 59852-7041",South Tonya
Lopez-Berg,"63666 Porter Radial Suite 863
New Christopher, DC 33152",Kellyborough
Robbins-Parrish,"95176 Leslie Islands
West Terrimouth, TX 78813",Daniellemouth
Ballard-Smith,"7276 French Green Suite 731
New Michael, IN 94422",Port Michaelberg
Ayers Inc,"7029 Samuel Spring
Whiteville, GA 08921",Rossmouth
Spence-Gray,"85945 Weaver Turnpike
East Dalechester, ND 37687-6046",Dunnburgh
Brown PLC,"USS Ferguson
FPO AP 85510-0236",Rossmouth
Williams-Whitehead,"79110 Bethany Union Apt. 271
Carpenterton, IL 04162",Michaelfort
Long PLC,"802 Simmons Orchard Apt. 672
Josephland, SD 48088",Rossmouth
Harrington PLC,"1683 Elizabeth Views Apt. 297
Obrienberg, NV 78593-5284",Michaelfort
Cantu-Harris,"2614 Zachary Dale
New Heidichester, KS 39864",Alisonside
Craig-Peterson,"6661 Daniels Walk Apt. 063
Reyesmouth, RI 52732",South Tonya
"Rogers, White and Fox","393 Hanson Square
West Jody, AL 69242-9801",Rossmouth
Adams PLC,"28455 Irwin Rest
East Michaelland, VA 27607",Michaelfort
"Richard, Gonzales and Rivers","29242 Amanda Meadow
East Rubenland, FL 41237-5459",Rossmouth
Nguyen Inc,"656 Carol Radial Apt. 194
South Tracyport, AL 32525",Alisonside
"Gordon, Blake and Forbes","236 Dillon Stream Suite 667
East Matthew, AS 09996",Alisonside
Andrews LLC,"501 Ernest Lock
North Lindafort, KS 13671-7940",Port Jenniferburgh
Turner PLC,"731 Rush Grove Apt. 109
Samuelport, FM 31146-5592",Michaelfort
Ross-Mcbride,"5582 Corey Ramp
Rossmouth, SD 62094",Port Michaelberg
"Grant, Carroll and Jackson","328 Spencer Drive
Greenchester, IL 52979-2160",Dunnburgh
Maldonado-Farmer,"12568 Dana Gateway
East Lisa, NJ 47092-8217",Daniellemouth
Cole Group,"2112 Kimberly Junctions Suite 992
Seanside, MT 40561",Kellyborough
"Goodman, Mcclure and Stout","581 Kayla Drives
Dannymouth, ND 24018-4301",Kellyborough
"Hansen, Ward and Bass","0113 Luis Ford Suite 173
Lauraville, IL 29011-2606",Dunnburgh
"Torres, King and Parker","472 Robert Field
Dawnhaven, MA 83740",South Tonya
"Mendez, Hudson and White","4702 Jason Springs Apt. 541
Anthonyside, PA 74305-6877",Michaelfort
"Cox, Smith and Salazar","36491 Christie Knoll
Lake Annette, AZ 10345",South Tonya
Roberson Group,"946 Wolfe Row
Dawnchester, AS 39945-5377",Alisonside
Bush-Wood,"43857 Anna Curve Apt. 709
Brownshire, AS 60476-5932",Daniellemouth
Wilson-Crosby,"82305 Oconnor Track Suite 535
Shanebury, DE 88173-5679",Michaelfort
Pierce Inc,"242 Johnny Trail Apt. 306
Murrayhaven, DC 16114-0006",Kellyborough
Davis-Dawson,"25296 Kelly Cape Suite 195
Douglastown, LA 09146-5331",Rossmouth
Johnson Group,"0270 Michael Ferry
Edgarfurt, MO 18822",Kellyborough
Benson PLC,"82409 Jorge Highway Suite 924
Atkinstown, KS 58262-7585",Daniellemouth
Weber Group,"171 Murray Light Apt. 659
New David, IA 16207",Kellyborough
Harris Ltd,"0045 Leslie Station
Millsshire, AZ 44542",Port Jenniferburgh
Brown-Barrett,"41070 Phillips Ramp
Davisport, MO 65006-7491",Kellyborough
Ballard Group,"689 Barry Motorway
Bradybury, LA 25334-2584",Michaelfort
Hayes-Wade,"823 Holloway Junction Suite 300
Courtneyfort, TN 90325-0692",South John
"Murphy, Ochoa and Patterson","Unit 6754 Box 6975
DPO AE 18464-8792",South Tonya
Barrett-Ryan,"Unit 5303 Box 8353
DPO AP 18913-8866",Michaelfort
Chambers-Murray,"2166 Douglas Park Apt. 998
Blairborough, MN 95012-1509",Alisonside
"Curtis, Walker and Green","35158 Wilson Row
South Jessica, MT 01731",Daniellemouth
Jones-Harmon,"PSC 2107, Box 2347
APO AP 62588-2915",South John
Martin Ltd,"4572 Shelby Field
East Kevin, ID 58046",Kellyborough
Clark Ltd,"80692 Rice Plaza
Barrontown, PA 84633",Port Jenniferburgh
Thomas Group,"7704 Matthews Cove Suite 728
South Christopher, VT 90087",Rossmouth
Webb Group,"157 Crawford Well Suite 507
East Emilyborough, ND 42152",South John
Jones Group,"7444 Rowe Station
New John, IA 11951-4915",Daniellemouth
"Neal, Hernandez and Murphy","4074 Garcia Springs
Lake Ashleybury, NC 55996",Daniellemouth
Ferguson-Green,"875 Smith Trace Apt. 069
New Kylemouth, IA 83199",Alisonside
Brown Ltd,"62509 Cole Gardens Suite 582
Davidside, MT 18267",South John
Hansen-Harmon,"82667 Laura Via
Martinville, PR 93401",Alisonside
"Acevedo, Mccoy and Sims","713 Frederick Squares Apt. 772
North Leahfurt, SC 98296-7133",South Tonya
Hernandez-Gibson,"5044 Candace Creek Suite 208
New Erinstad, IA 17590",Rossmouth
"Johnson, Clark and Odom","1587 Tina Overpass Apt. 534
West Virginia, KS 12560",South John
Weaver Inc,"03727 Thomas Via Apt. 434
New Margaretville, FL 88000-7008",South John
Ellis Ltd,"PSC 1407, Box 2456
APO AP 57601",Michaelfort
Le-Contreras,"99257 Patton Spring
South Jamesville, AR 49823",Daniellemouth
Rojas LLC,"8250 Burke Ranch Suite 961
Haleland, RI 64125",Rossmouth
Rowe-Parker,"6652 Brown Forest
Ericaview, TN 72096",Daniellemouth
Pace Inc,"9634 Jennifer Route Apt. 510
Duffyport, PR 97438",Rossmouth
Sanchez Ltd,"6077 Anna Islands Suite 546
Elainefurt, IA 20732-0167",Rossmouth
Coleman-Gould,"588 Jensen Garden Suite 609
East Michaelport, MS 92037",Kellyborough
"Dunn, Edwards and Ramsey","98771 Kevin Groves Apt. 790
New Travisland, GA 63045-2162",South Tonya
Rodriguez Group,"04310 Khan Field Apt. 992
Grantburgh, ME 57570-3217",Port Jenniferburgh
"Johnson, Morris and Brown","712 Meyer Square
Powellport, OR 89619-8538",Port Michaelberg
Davis-Adkins,"2334 Benjamin Manor
Mcbrideton, CO 91429-9836",South John
Williams PLC,"385 Vanessa Place Suite 397
East Jodiberg, SD 77205",South John
"Gill, Summers and Molina","55706 Douglas Plaza
Mitchellshire, UT 36766",Kellyborough
"Cole, Walker and Nelson","173 Louis Glens Suite 897
East Elizabethmouth, NV 08009",Kellyborough
Davis-Davis,"499 Moore Haven
Port Jeffery, CA 99141",South Tonya
"Robinson, Giles and Cox","5328 Kayla Terrace Suite 224
Angelaport, UT 36944",Alisonside
Ortiz-Moody,"14948 Williams Courts Suite 209
Port Phyllis, FM 71455",Daniellemouth
Newton-Thornton,"08285 Janice Streets Suite 733
Marcustown, PR 51800-6537",Port Michaelberg
Scott-Braun,"009 Andrews Lodge
West Lisa, VT 83753",Port Michaelberg
Baldwin Ltd,"12764 Gilbert Knoll
Jayfort, PR 31697-7957",South Tonya
Simmons-Cameron,"527 Rios Pines Apt. 601
Robinfort, NY 35762",Port Jenniferburgh
